{
  "info": {
    "_postman_id": "2158c496-437a-44cf-b8f9-f6f32e10d2ab",
    "name": "SimulationsPRE",
    "schema": "https://schema.getpostman.com/json/collection/v2.1.0/collection.json"
  },
  "item": [
    {
      "name": "simulate",
      "request": {
        "method": "PUT",
        "header": [
          {
            "key": "x-ibm-client-id",
            "value": "9608f35f-9564-49ea-be83-dbe31e9c77a2",
            "type": "default"
          },
          {
            "key": "Authorization",
            "value": "Bearer {{accessTokenPRE}}",
            "type": "default"
          },
          {
            "key": "Content-Type",
            "value": "application/json",
            "type": "default"
          }
        ],
        "body": {
          "mode": "raw",
          "raw": "{\n    \"simulationListInput\": [\n        {\n            \"simulationId\": 0,\n            \"ercCollectionOption\": \"O\",\n            \"totalOverpaymentAmount\": 10,\n            \"loanChangeType\": \"M\"\n        }\n    ]\n}",
          "options": {
            "raw": {
              "language": "json"
            }
          }
        },
        "url": {
          "raw": "https://rint.santanderuk.pre.corp/sanuk/internal/corinthian-simulation-xapi/v2/simulations/one-off/12143533/simulate",
          "protocol": "https",
          "host": [
            "rint",
            "santanderuk",
            "pre",
            "corp"
          ],
          "path": [
            "sanuk",
            "internal",
            "corinthian-simulation-xapi",
            "v2",
            "simulations",
            "one-off",
            "12143533",
            "simulate"
          ]
        }
      },
      "response": []
    },
    {
      "name": "token",
      "event": [
        {
          "listen": "test",
          "script": {
            "exec": [
              "var jsonData = JSON.parse(responseBody);",
              "pm.environment.set('newUniversalCookie', jsonData.newUniversalCookie);",
              "pm.environment.set('accessTokenPRE', jsonData.accessToken);",
              "pm.environment.set('jwtTokenPRE', jsonData.jwt);"
            ],
            "type": "text/javascript"
          }
        }
      ],
      "request": {
        "method": "GET",
        "header": [
          {
            "key": "Content-Type",
            "value": "application/json",
            "type": "default"
          }
        ],
        "url": {
          "raw": "https://stub-sanmf-overpayments-dev.appls-ukdev01a.paas.santanderuk.dev.corp/stub/getOAuthFromPid/9646800016",
          "protocol": "https",
          "host": [
            "stub-sanmf-overpayments-dev",
            "appls-ukdev01a",
            "paas",
            "santanderuk",
            "dev",
            "corp"
          ],
          "path": [
            "stub",
            "getOAuthFromPid",
            "9646800016"
          ]
        }
      },
      "response": []
    },
    {
      "name": "mortgage-centre version.json",
      "request": {
        "method": "GET",
        "header": [],
        "url": {
          "raw": "https://rint.santanderuk.pre.corp/olb/app/sanmf-overpayments/mortgage-hub/assets/version.json",
          "protocol": "https",
          "host": [
            "rint",
            "santanderuk",
            "pre",
            "corp"
          ],
          "path": [
            "olb",
            "app",
            "sanmf-overpayments",
            "mortgage-hub",
            "assets",
            "version.json"
          ]
        }
      },
      "response": []
    }
  ]
}